orderId,itemId,quantity,price
xrWZQ3Vtsn8cpeWgWAtJVD,384,Pen,1,11.02
qq1isohYRCxi6zUMQL8hyZ,595,Towel,1,20.99
38rPdLusfWVxMzhvSULw4t,344,Pen,1,25.97
m7WkgLepJxeNDUd2b8nHMk,235,Paper,1,66.32
98kLtKi3nWoQ1SF28xC4vM,814,Paper,1,18.5
1AFv8kLPPPqsDLwTgooDrr,223,Pen,1,58.21
pUrJcGDDw8V6oGNP66M9HP,552,Shirt,1,79.37
sTBJKEKUs4rSM5Gz6EYg4C,485,Paper,1,48.43
skjqyZrC8hVyWYoavMbUpP,628,Book,1,34.16
4dXDGfPAgoLoH5g8nJHPmj,177,Shirt,1,74.08
n1XTNq3T3Fsjd8MAfWXeSM,616,Shirt,1,61.26
tTSG8C2ppeByDjUL9HyxGF,459,Socks,1,63.89
d2LKFtW4wk5UxgCDBNj57o,434,Socks,1,41.45
68M9buxrsyg13LhWoBQhWq,155,Paper,1,67.6
mP6ZKKjxVCUTXA3BxTrJzx,532,Bread,1,55.44
pMx2GPV6muCeGKhxyhMfAG,861,Book,1,12.19
9xyCkj543G2MVWEbMz1bNs,285,Pen,1,38.18
5m6ncgiCacbyjbNjFeEJjr,129,Shirt,1,3.45
hHdg4VgUivZMyZ4DEYpgxj,526,Shirt,1,70.89
dPFY7zXYupqXNRZiVoKaN4,861,Towel,1,36.31
5UbTWYtpz5ED7T894GF7LV,991,Paper,1,11.04
puWcRDdH8kCdDLpMdXdfmP,677,Pen,1,55.23
fFvwM31EZi6iwunWB6fTFn,645,Tompouce,1,41.36
37iT8CG7F6pybF8hoJPRir,868,Towel,1,67.17
r7yUevuMoyK5xHpDjdHEWo,364,Paper,1,71.09
cbYt7je8uAFzRV5KDYwvRV,680,Towel,1,14.83
bkbUAALQL8C5cvS9eDMxGk,143,Tompouce,1,12.43
ugAnBJxyezMyskNMxPFGax,216,Socks,1,5.18
m323dxcJxfK4FK6x9ApgGx,167,Pen,1,69.05
4L3Ev6VdzVYwpCgWaeX5SX,198,Shirt,1,33.33
kFPXyuaTctxq72Re5Tt1Yb,434,Shirt,1,79.2
8dH8TJkYKSBXx5cZeS5KTX,105,Curtain,1,7.75
tkpXyG1goNbiQHsN917Luc,155,Socks,1,25.44
173gKaCQsmvQWPgeD6mZSr,338,Tompouce,1,68.74
kBvQFCpg7rJ7exa1rYqKvs,368,Tompouce,1,51.72
8xkLCKpBSbukMoJZJNG6xe,178,Bread,1,62.9
vmmr92AUCuFQ7JSh1qrNU7,448,Tompouce,1,8.64
wZ3CRwzyVucrk8xfNEWcTi,148,Paper,1,48.35
pVjsj69HtTz11BPzkfrRxJ,779,Curtain,1,53.67
hPGtc9cSqyoWtgoHRvtBtV,178,Bread,1,61.16
8c76YPV3mnrGz2DZHyKtxg,777,Pen,1,34.44
nEZLqbLVmnHdhFTKjnijjH,156,Bread,1,26.42
quCjavseqpcWaokoz2NWxe,467,Bread,1,35.58
mtzyyyASEgJPoMUVqxHoyf,224,Paper,1,57.37
pGsgxxDDiDBH4Zr7Z33yCN,191,Socks,1,31.02
41yLUTaxgJsfXMvQgsgq26,868,Paper,1,80.12
kA4Aw7AkWfRvUjhVfYUuQS,489,Curtain,1,76.24
5vFcLSXpa141KHExAtsTzj,851,Socks,1,12.39
m4v9mTQCJTT9AdZso89k5c,674,Paper,1,21.84
cJr4YA7fwKYn2WDhkR3J9C,840,Socks,1,17.23
hFken1eZAjRDdEG32uM746,840,Towel,1,64.01
mi9UzZhGwvTeASpujkdNyd,201,Tompouce,1,16.91
518sxFSRSwzg3SJ2Z7MRU3,543,Curtain,1,48.79
qn5y3scKxrNkg26PPjLpLC,240,Book,1,50.89
28wbmK9QU4CQycyQXf7uNw,980,Shirt,1,71
ky9TnXvtd3qcJgkDHqPCVX,582,Towel,1,2.48
9XqBCLopnyFcBGWd2Rk7gK,282,Pen,1,34.72
afrMqvFNxEFWMYotNrHLhG,115,Shirt,1,60.15
oboCTeuZgSnnvDgghkR3BW,124,Towel,1,82.29
qK2Kp8oiCyVRWzpPwVGPJN,476,Pen,1,63.32
uw3qHinM3oqXUmzeG3VLsh,531,Shirt,1,52.15
agNmbCGz2GAbXxiDi1eHyf,749,Bread,1,45.2
6YtoxNGmqkrNpZRoJbToFV,359,Tompouce,1,18.67
qanEWzNnL2s3bdTa6sHRZT,454,Shirt,1,28.39
5Sd25xWe4yV1r7svVJNCeB,848,Curtain,1,52.31
68grizg7RzN3FVeUFqxdD1,414,Socks,1,44.66
4voJCZqSKbw7KGfziZysXz,290,Socks,1,74.73
vJKBkLnVCXBQ7nLvThcHJS,952,Shirt,1,26.44
d5rQDigtaR5S1wbD8LkNrQ,390,Paper,1,47.65
8huZP192EFHc1VWSNe3MZY,797,Tompouce,1,72.37
t5ghvrJ4YS5LduicjLPCuN,792,Shirt,1,67.3
eUrqKMyBPVVyWF5p9k52rz,228,Shirt,1,50.06
dtfzAu8bSGMQdhHzzznRDo,364,Towel,1,73.83
fNfXeeJd31L2LZdxvNrbsd,210,Shirt,1,41.04
upZbPqjpesM7DB6msBVymb,479,Pen,1,77.45
tnsKEqSwurXGPJdRdrtcZn,186,Tompouce,1,37.74
nE8ZqPunL88biqA2e8awKp,879,Socks,1,75.25
xtg7uN4JbjzupN8YoVp5JS,240,Book,1,25.48
mHcigKMPACKjHaP3HY7XKL,662,Socks,1,57.97
xzQ8dhPXBUFsX7PfFYkA9P,377,Towel,1,20.29
oush2VAm5aD5k4AhF41uPm,565,Paper,1,1.39
wNCSY6jbXUoQQRS19vg5SX,913,Curtain,1,57.73
jefigvPa64tAN3kE1qyScy,431,Book,1,45.44
nPdCd3ZHmKWMcDW5NdRgnB,468,Pen,1,77.82
kNVCsH8BLRqf4ygFE7aZHZ,489,Curtain,1,38.63
3nPUs6qVLmZvMKFq2M4aT2,603,Shirt,1,28.07
cN3Q1fMP8TERLAjGGeCZLj,294,Book,1,31.22
pgLk8hyMNhJvKXxCHZLmaC,940,Pen,1,13.11
2NkPHx9hLrUNWDZ8PJqFQ8,835,Shirt,1,63.33
2Qa17YsFPygN6W1dH7UGBv,122,Pen,1,27.26
mfPaHDxUkg8qnRgpkvVXkA,464,Tompouce,1,53.29
31tu3MSzVn2kRXRYRWMe9N,596,Pen,1,25.26
p1pqCJSixGwdKA1c9kFdRN,621,Towel,1,51.22
oj443YvGu6bSh7tMbuEdrE,300,Bread,1,9.14
n4MMJer2AjU24Ed31QdSij,462,Pen,1,67.56
csRnMPorQs6jUvscdxqYRK,611,Paper,1,3.37
ah3oSeq5GwdnJR6CtGW49M,694,Socks,1,21.45
8owL7jsUqCaMR4G82YmLav,944,Shirt,1,59.2
9PD4nGDxHz9LvUApVgZytj,570,Curtain,1,37.99
3hNh6hgRKR8wenNi93to88,852,Towel,1,82.31
dVgTQoekiq563gypZtLm9A,582,Socks,1,15.4
rUykpHYydz7ZGd9B7REsoq,669,Book,1,19.05
8CpM9gUsBQnzyv79oZGLMw,956,Curtain,1,48.62
3TXH6yEJUxVKVmTNfKiHmy,647,Bread,1,20.2
33WEskpUo9iK6yPKzoeSfQ,840,Tompouce,1,6.22
o8QKwuMYEk8syKhAqdXNRA,895,Bread,1,78.19
nMqWpBYcGhDUWguQMtKW7E,915,Book,1,6.25
s3Aija8njRySeXdEZhvon1,584,Shirt,1,16.38
c2sSQnFzPpZQwsNzoBSyHS,151,Pen,1,64.44
gfsP9Bu3dYwcnEL8XsiCi5,212,Curtain,1,64.51
garkzWLteCM18LEyPAHzF4,608,Book,1,45.57
8sBXGJsUvaEhLdEeT64aCS,644,Pen,1,36.97
vws2wp3V4g4BgQVJtzVnit,296,Book,1,29.71
8a76y8hGSvg5ZbDTYe3xC5,357,Pen,1,4.84
ednH5ftZL3z8jAgkQdocTT,340,Socks,1,15.04
eh2nS9qxaHYxAncbuGwEJ6,700,Curtain,1,21.83
2uzFjEpuoPg877zuw6oqd4,491,Bread,1,62.04
nxMMPAEXwNucqKCmsiVitB,121,Tompouce,1,42.89
jGstreeEGPS4csAYQRZ3qv,342,Bread,1,56.96
hakYyq3Rk3UdTD2f2C7UvT,674,Bread,1,3.85
3C2UAmJMJLTRPmmVUQgZUh,424,Tompouce,1,44.08
rFXxSDh7QYZorHf3B4gst1,797,Pen,1,58.76
mA1v7qm7HQDUVUZ9DKdc7L,109,Paper,1,74.84
evazN7pJfNnhBtkr8jLG3W,475,Book,1,59.66
rp4PCeNYzzxt1wJuiz16FG,205,Bread,1,66.82
2P3m8tLe62jaFonQioAWk2,212,Bread,1,74.58
1CDUsv7Mgf4ejfA7yySqS3,696,Pen,1,63.43
vmmqWLnGVyxDmqa8vLJxU5,336,Socks,1,27.27
cNyHLVarozpk1AqZvKKLiu,914,Book,1,60.85
b8q3BFo1z77jYR6cZ6en3c,871,Paper,1,57.62
fZMoMP5ZaRYsWGb5Qydi1t,145,Book,1,25.3
eFxuG81ZyL8Ckk686Cwv7E,857,Pen,1,49.36
gGsDiHhwWbN7abFhY8npMg,362,Pen,1,56.73
aSSGDbsAZdzfVG9B3pjtWX,825,Book,1,39.12
2sn6c1UhkEyeXBFEwkaGGw,129,Towel,1,14.69
goxVn2SeZRzs21hDoEAxVH,353,Tompouce,1,21.77
eaMH9vsyP6f4DCXb72quCi,190,Bread,1,65.89
5dtDFJ1HJrvRxtx44yNTdT,526,Curtain,1,57.43
e2ascuH6bkxY3FpFbJfydL,232,Book,1,70.59
6K57QJbGhWYmU8aSa7UKT5,859,Socks,1,23.46
3mKvvZd8DioCLshX8cV7Fa,250,Bread,1,39.93
8JbtuHpN9vwJUNiJrWb9jZ,756,Bread,1,9.89
s2C1cdyMqtKo6CkfNSmupy,233,Tompouce,1,17.14
pM4r2B244gbdNctx4RCrdG,393,Towel,1,13.07
9mDxjNrCVxMMY99R1uiQeh,229,Socks,1,24.89
87HQTvon6FqWu8nAP9pUzu,778,Book,1,5.99
hCDCn7MKXP5KGk8ujYszFp,558,Curtain,1,48.51
8n5r86uUqLo9XrECAf1qKT,564,Tompouce,1,20.04
6oujY7pECwx6nQc8cp23JH,516,Towel,1,34.93
2CsVbVZLv7hLpvWyddMPHj,732,Shirt,1,53.15
cjAR8MREUKQekThfyKDZsM,831,Towel,1,50.17
9Bw82cSyeWc7bbeEefhboY,864,Socks,1,55.36
chFuPNSFBzG7vUYseXQDXx,372,Towel,1,35.32
48fP3gmARyZ2ptUCywVgB2,491,Pen,1,18.62
jRaL5pJaeFSpiEPwBTy8cQ,525,Pen,1,65.06
8yztTXhZnxXXbTAHGS324j,709,Tompouce,1,65.57
9PdNi6b4dCQeanwphLAk1R,288,Paper,1,30.53
iC4axAjapz5UbqhbdDh6jQ,154,Paper,1,40.94
fkHE7TnHfri4pRMi3dTodT,192,Paper,1,50.66
gbzjjGvj44v2z5YLr3AAR6,905,Pen,1,16.41
h1iHNNDoAWT1wwG24Nmf4r,893,Shirt,1,51.46
aJrjF9xyCt9SxzH3vFrMoB,245,Book,1,80.86
8F8hQ1kRdxwySHMBkxqgGt,556,Tompouce,1,46.31
m4eutcyCPQq1BvcBqjAKYL,305,Tompouce,1,6.67
92Y7ha1XGoKV7MiUh23nER,357,Paper,1,79.86
weMYb3BSXxzW7LaMaezbwk,540,Curtain,1,20.9
33x8eBgGhmwDZTzSRhtRny,968,Paper,1,7.7
qZt6SXXQ11GZ5xkNNv2wae,805,Paper,1,33.71
9iThxRJQBpY9ciezWffRas,690,Paper,1,54.97
nVAWognztBcres8xNzBSbt,825,Book,1,19.04
2hLdrTUp3ugpQdKmBFL9SM,799,Pen,1,52.49
pxyfrtohXWzwbLCWQZaHHt,482,Pen,1,29.34
dPvFR6tk1XiYPXidUeBcXR,175,Pen,1,39.01
ig24F3Sg1oBKPPskk7CGCj,658,Pen,1,55.04
k95yU5yGm2TFnecUFiz5QZ,731,Shirt,1,80.04
w5SWkf4nXUx1xZkGGrrzzE,417,Pen,1,48.02
x9P2EsYKWx6K2B1tkRi9W7,115,Curtain,1,39.12
mErfHbV6xeUZJ1bLTzK4FA,913,Paper,1,16.26
mcAN7pTZAihJsjjgW1gTfi,983,Bread,1,16.17
6QDQtwDzLJxSFzQrciBPPw,513,Paper,1,51.43
jXr32hX8YzGtR36zydvmqL,237,Bread,1,73.6
mfTqspA1ojLL3fi2vZE2PT,222,Towel,1,20.16
iXR4iWoSdoqqiwZJLFecxQ,737,Curtain,1,35.18
r8cZqouMTsbEHC6uC5xbyc,244,Towel,1,72
e9EJGwbnWU62trtfQ9pgs4,669,Socks,1,53.02
fE8hoTipQieqaftSijQjUk,187,Bread,1,71.3
71pJmngkghCVfksCfdGeJu,500,Towel,1,6.39
sG3hu1qpSRKuFNsy6N5mAy,280,Towel,1,2.25
m94QZxyjHKTg4ypFBZz29Z,571,Curtain,1,29.39
aZUUwmXooBWVYNHJKGyAjd,162,Curtain,1,53.7
oEJJJHawwJ7anTtuttCMf5,327,Bread,1,3
hfEseoDTm917sDD3rLBgeC,489,Pen,1,6.26
rn1UgaE9i2fttAPE7mEHW8,772,Bread,1,41.82
9Kxp2KopAWkq5GTuHkuzo9,318,Shirt,1,51.89
pztm2BCVF3o58rZbB7EmVM,204,Curtain,1,62.62
78NZNPcnmJkx6xUKtWeojC,757,Towel,1,65.2
5BxLwiZYjLowLMz7xb6LWu,893,Curtain,1,20.44
wSBs8AB73Y7REzDswm5m2b,841,Bread,1,44.42
nV8XyjvbWmjW64ZAaFVRt2,210,Curtain,1,29.22
rW9mvyCGjZuC7GxFXoFiAq,411,Tompouce,1,8.94
p5KjdRqftqmfTewSgwP7cd,154,Book,1,79.57
wqxVhphfmEyeTm4o6DLBw3,690,Pen,1,22.32
ss57VGV2Pbm7fNYYgp2oHg,402,Towel,1,20.19
rATViquZbc7Ji5Yd5xN3qk,768,Socks,1,63.1
ouW6W68rLQAFYzAnNHVyaG,548,Socks,1,5.66
1PyLnaoR2dqkL3sSicfSaW,142,Bread,1,54.92
v7SCtdE3Bp15XbaZf4VBwj,259,Pen,1,55.88
uv968NDwDZadHnZ46kodsH,695,Shirt,1,42.91
aLNAW8miSPETWZJbmWUX2E,122,Socks,1,58.24
cvae11Mhqnd88dKGR5ro2A,246,Socks,1,41.95
oZuK2Ef7qyZq6c4Eqm8tdU,108,Shirt,1,22.18
8YMo1YGBdtie8nWLGHLt1E,644,Paper,1,71.96
atwDjyzPKcJuZYDJfiUPjH,813,Socks,1,28.63
oCCsozMAtu8D3kBY87Y6r5,366,Tompouce,1,66.58
i2EmRJdZHsYnaQaHnJBXcd,701,Towel,1,65.74
oKJQMg9tJRJc4MTmJUmDmw,700,Shirt,1,15.9
vSns8KY9eurMReEWF1HbWP,807,Book,1,77.66
vZvH3pKbTRAKQwq9kUCqG6,740,Tompouce,1,52.19
d4MaVGTtmsGnxE67HBKGpb,442,Paper,1,17.3
u2Vne2fxQLVfEvqabAr9Vz,134,Pen,1,77.97
xin8BrLwgHHnTxBWBknC3p,174,Paper,1,34.68
4Q2AE7tRu5kiAqQBkdsFe4,558,Tompouce,1,65.32
69SAwreSKe2WAfTswNUpKy,180,Book,1,10.29
8uefM38RLN2vmqVs7Vjw1q,852,Pen,1,58.11
2ckHjDMRHTTEjZFFryEF3g,986,Bread,1,17.58
teQYbaSBysEibHuG7V351u,947,Shirt,1,13.47
8gYYRTWU1yzLybc3k9MxXS,998,Socks,1,60.8
6R9HqHN7N1gXEBYuSsbMc1,977,Bread,1,72.38
1J6NLotaLf6EnKaVUBTnbz,248,Paper,1,34.67
bG4smbZ16drPN69LdSk13w,891,Pen,1,57.23
sRLgPRHQyA4oPdZ7qMP39n,658,Paper,1,42.39
78XrKk1JSSFNA3e1tLEVwB,576,Book,1,13.37
byGwmnC95usVt2G2yLtxsu,824,Bread,1,28.66
qJvPd5LCRyPAErZqmkEDB3,795,Paper,1,7.52
aoTQswoREoWQ8Z2gHn4BR9,941,Towel,1,57.34
e9jwnnnYwPdBGN3YtuNDcp,576,Paper,1,9.78
rCydvanL1XC62VU6BBWZdA,256,Pen,1,59.46
x3kfuHFR1gvn13TDDGgDoA,713,Towel,1,65.91
6FZkf9z1HUUG1Mbtr3JJzb,338,Book,1,25.13
fT4RRvvAfXu7iPnrXPCMND,464,Book,1,4.95
m9PNCXM6ySDVLtjnk8WYmN,163,Book,1,71.78
ifU8WshzQS9yxNAA8KzUwE,421,Paper,1,39.7
pNC5xpiqahk5MF9bH4HtYt,899,Shirt,1,49.87
ao8Wv8zC7rtSNvUEGG41t6,148,Book,1,69.86
6Jm8BNWJxnFLM1kDNkBRqj,374,Bread,1,32.52
shvwQe9g9ycpa6dqJ9gAXA,142,Book,1,76.62
iAttgHzyw19Tmj7W6Bjhru,449,Towel,1,41.7
xrw3yxMgybZNm7xLWqoE1m,465,Bread,1,63.87
duJbTiHpVBm3M8ZPYd99jM,604,Pen,1,1.84
u1kSqgMYeWRSpSnxfGxmPx,122,Paper,1,18.64
uKhDuDtx9EQ5U4tccG3iuJ,821,Paper,1,82.79
9c6hfcpbqT8kHcaLm15MEK,754,Paper,1,63.69
7vaSktyV5vtjtDBmzVkfxS,907,Paper,1,29.59
tMSHtH6RVRvYDfpdxF74Qk,742,Pen,1,76.21
jjqckarapx4dU2dbPEtdf5,787,Bread,1,68.51
c8bwtdgbUhN1fDKv6usDxB,694,Shirt,1,26.63
ePB2DsdTZ3wFdXdp1PQjRu,765,Bread,1,16.24
vuvSFur8NdsSUs3QNKiFju,932,Socks,1,50.31
jfU8DYk33TcjetUEV7NVoM,482,Book,1,78.65
kmBkHgdqU5tkbvz9WQiK9J,569,Pen,1,3.63
1msgs6ENDGQ72wi2FXp1mZ,304,Book,1,54.18
dYzDekJBtfzR11yaQeGuGx,825,Towel,1,63.72
eTDU4iNEXJw9mxVpmYKfaZ,146,Tompouce,1,36.91
8BvmPuVnxFKVjKbXTA6XGB,906,Shirt,1,25.21
dDkipqC1ZvTbv7ozPmY5rH,339,Paper,1,80.72
sgKrmGpE9x79ZzZcgZfB5A,863,Shirt,1,29.95
hrWFr3wWc7reGacnwgrhWK,595,Bread,1,78.03
e4d3jTkZdXCQsdYju3qVNu,179,Bread,1,1.88
adJv2s1PpbrT2o2CJBemCt,837,Shirt,1,75.07
hVY8VMnVmQo6UMuFx76ErT,734,Socks,1,69.07
xvfkJnRfTsXr33D5z26meW,938,Book,1,25.43
pW4iAeKswJoVfXXXZuAXRB,459,Shirt,1,57.7
nx2sPB9UMQUQrFd6PohedH,927,Shirt,1,34.29
2vgATL2gsC8smkco1zrHKS,971,Socks,1,18.32
1U8CYaT2MFhuumDKnAAw8c,792,Book,1,69.46
8H1w2u7NZcMbhSrNqhn6ZY,152,Shirt,1,17.43
vt76CVZFYRvSWipczfgLc7,661,Towel,1,39.44
5K7KHco1zx9kbnfBx252ZZ,950,Book,1,56.81
bEMJ78ugKZkcFk2mNKgtKf,363,Pen,1,14.78
hho85irPyguQiNngFDGHk8,692,Socks,1,59.31
qN7MchVPGPFwYK6g5YhdXM,519,Socks,1,27.26
rZ2fAviVriytEQ3LmXRrZi,845,Book,1,30.93
k6ecLzrBc5gLrhQGw7R8Go,230,Book,1,63.64
sz3gMDvv8CbSFEAf8K54Fn,586,Bread,1,65.32
mcbBEh8v7BoMBGjaEGzQxJ,496,Socks,1,2.64
uxmFtWPPSX3343bpt9g4Q2,556,Curtain,1,11.5
n5Kt3Jg1fmy7t6QBVJSmwc,176,Paper,1,8.83
gfLu7gzVhKSL7aAydbAPTo,945,Curtain,1,79.88
kkYEd1ZqYXrVBDpVKWSwxC,694,Shirt,1,13.91
h1v9xfRc8utJwDBm7UgNRh,237,Shirt,1,7.53
tsw7eDiYqbCRg21AAaRGQ6,939,Shirt,1,43.51
dK2SESbuxkiJvaqjujXwuJ,665,Towel,1,48.88
mPSUTFKhaAiDGbnFiyDbZW,737,Paper,1,11.87
7m1Cs5suDjsWERo67qHonF,643,Paper,1,42.75
wXfQk974KBxjB6qhfVCW1U,677,Pen,1,41.98
iBuCVW7mXSH38BdXMydV5y,664,Tompouce,1,43.01
jxkiC7dFyifrKnv2iUaUjK,393,Bread,1,66.39
4jGvthVXx74aasZ8aWw1ji,587,Shirt,1,50.81
nM1PgUy5BbkMVon3D6Hb6M,753,Tompouce,1,8.3
6uwjh7VgXVRrBmjvZUPTMd,716,Pen,1,43.57
ctNcj4eGFapjjf2KUKrJE7,491,Towel,1,20.38
hFf6iSswrAacdKg4BV7586,636,Socks,1,48.58
xzBBcZofPswf9Rtjy46dBM,427,Shirt,1,66.25
96J1BAjxYgoWE2kP3pV6iA,418,Book,1,60.94
fDphY1svjmDiLv53QixuY7,551,Shirt,1,65.65
eoiBh9hK46UAHcHSjgLKDN,137,Paper,1,69.99
kaJ6bavSGzmqe4Ma5JotJb,986,Curtain,1,27.93
jHwVL9invbPc8vaq52er41,587,Curtain,1,58.47
d1cvs9FmBjcz5657Rhqzcc,785,Shirt,1,4.49
pwk83EjxtN8uM7CQnKJf6j,244,Paper,1,63.2
uHrnFBGVVFZyCYh4631XP9,855,Curtain,1,37.22
hd74MvxpbXni6nXcNc47NN,225,Socks,1,47.84
4Rxz1N1c9ezinUXSYogst2,302,Curtain,1,14.38
jy3AjkbaBdUM7idvrNMxvs,112,Book,1,55.79
vUTfuDJSoioqxdqCCcYBm9,717,Towel,1,46.75
wFB4iSLFTfZZX9mr7GbXsg,709,Paper,1,20.87
hbSVowKoGXd37iE3Lv4fJ1,834,Curtain,1,13.6
sxmSFPH2PxeH1eDaFeozT1,525,Paper,1,7.77
uVM6761EPnoLQzfC7VpQyW,833,Curtain,1,11.57
i769srCQ2XGvd234ZhGtZW,126,Bread,1,42.95
9mxWLfbQQpY882Grs1jiwb,774,Tompouce,1,31.68
3RtXsfwBygK9kPhRorM6Yz,295,Bread,1,14.78
fXZKMRkGcGYy1hz1W2tjRb,274,Paper,1,80.44
qDDJN6SEacnS11GDxYbRW3,305,Towel,1,61.59
1Js2P7htW2V2R8Cywqwya4,124,Shirt,1,2.03
ff9yNAdpKcSwAhUKDrp6RN,966,Paper,1,47.74
hzXG4Yd6U6zpUMFPvXBVoR,753,Bread,1,11.83
xA59hUv76Cs4ZW8YcLdy5H,707,Bread,1,69.2
aLGEkuvkNASo6hqfBsG71N,187,Bread,1,42.46
bg4obUmuiwKUVbVEvriRLb,347,Shirt,1,61.72
94RZNFfi8KNwixPYbd4JuE,475,Pen,1,21.64
mPz8fhK4qb47h6sHsmSJmt,639,Curtain,1,67.89
1fovAjd5GnHufBVNLm8mY6,221,Towel,1,54.89
2WCTtUHMsqXrkVzvDLKTCN,918,Tompouce,1,48.73
pnaiWR5UvU5h1UVc2KUDPM,927,Towel,1,31.9
pp3yJuQD78m1EsBkK3qmqn,407,Towel,1,82.3
n4rdcSkQcAa2tTRaCQGiAY,564,Pen,1,27.67
rFyFWa6ux7QBvesgUfFwrq,716,Socks,1,45.89
16ud3LGVUZHAWHdCETofMq,278,Towel,1,38.97
qFAe3w6KgjL36MsTVxuGyo,205,Book,1,42.52
bZ9eUr38K9NPCVT7BdBDVL,264,Towel,1,28.76
6MLEcN57b91iM8hCPjwV1Q,891,Pen,1,6.32
pAyHgyPfgJVzRdt74uG3o5,474,Book,1,35.46
r5u8dPYgFtC3t6Jui5hY3C,288,Paper,1,14.37
gS4XroKWK4xqbgNEneDt6m,659,Bread,1,69.09
iQE9HgHpoKfj5pD8jX6NFW,631,Socks,1,42.12
6DkcHNc8C2bBCKNgxwnNiK,129,Bread,1,37.7
rcwPQ5yqE93SuUM3dVgKQr,781,Book,1,46.29
niWFYBKsZHp9TdKq9TTEHx,713,Curtain,1,66.94
tJ26dYwNQ38e2sZ9ixrgzs,773,Towel,1,81.74
q5kcwdB2oaVFJX6V6LAdDK,120,Socks,1,34.05
1c4rgp2kYsodWXKMJ89Dzz,341,Book,1,52.21
kHo6wTpfnqckHHKgqHwr4S,606,Paper,1,24.19
hcUNGH3KwZ48DXY3WgPm3i,417,Curtain,1,1.97
tmXZ8u9VnmZSnghjyynMYe,562,Curtain,1,22.71
xnEG9uptRev7xwryA6Vbtf,767,Socks,1,9.15
emADuS9U4iy4iZUCHZGC6J,172,Towel,1,32.15
r9BQdZ1jd4JMaiiG9wWfSc,491,Curtain,1,64.1
hxTTeZDS2hBdocoLB3RVef,475,Pen,1,5.14
2LiaSvJof4BbLcqzfbGggt,303,Bread,1,75.76
mdw5iFFtdwZCmnipx5wsmM,897,Tompouce,1,43.34
dbqtw4DvNu9hoYBtXJ3uvB,775,Curtain,1,59.73
n194TFUQRRvQyfjSqQhxyS,922,Bread,1,39.92
veTNZezcx6Xq8fuBvCd5La,945,Curtain,1,70.67
1SwEDPhWNZ8WC15nfAg4n3,256,Tompouce,1,46.53
ni7y4gFiEmx8yAH8uE1jVy,935,Book,1,16.05
rbTxRN9fcfzyH1NCVnJy9H,651,Towel,1,42.09
2cnpigKF9ESLKCC2WukKYj,390,Socks,1,78.33
bQKA88tGNEJQChsrxESQuV,715,Towel,1,4.79
niLbY8jCqpPWG8SMqKNbCj,349,Socks,1,38.52
nk6fEYSUBjPbTn5EYjC5Rx,187,Curtain,1,3.66
5LuBDdrnnDEwbA5Zxi9uVH,887,Book,1,11.38
p7VdpKrusEBjMaJk4RQc2E,601,Shirt,1,36.66
bBSR3y5Ta3cYs6wB9fRen7,438,Bread,1,65.88
m6EZMtBUd6zbMQe213Hh6R,413,Bread,1,74.5
aaJAhhfBj7vxfMtMXa34Nn,957,Curtain,1,68.79
xzf1vMKrhHXVAgpDg7svSA,930,Bread,1,69.2
bGrE8zCkDhHN9pCPkA56Ho,173,Paper,1,77.6
tkabbSqGNcrLv7GsethQ6R,991,Socks,1,10.62
e8AHdQDi3chqUw3nioj8PB,720,Tompouce,1,68.97
4bQyjABsqxqBRVF5XR5iZg,665,Book,1,1.15
nSictk3vLjGy3w4MehFPvg,928,Tompouce,1,50.08
6MXdPxkzrAJCqg6cZKUYj5,574,Book,1,13.28
ccJvtEq23mmQgLPx2fsKQ7,189,Shirt,1,46.49
te9pYGfpJQBLRKFpc9xYJT,114,Towel,1,50.05
fsKLHWkFFb9PEzVBcsQwy6,624,Book,1,15.43
3HP5sP3gvFPm69hBTvaCUs,268,Towel,1,75.44
97zPY7YDiG8WYYGpdnmDzF,950,Pen,1,36.93
tBT2zw6fxH54vCn5EBEAjQ,350,Socks,1,3.58
ayzMTFTmfrE7xjek237JHu,520,Towel,1,53.83
pREbvxEKi6BMp3brgswRYB,617,Shirt,1,36.74
eDoNR7inovnKy6g4KXBfpY,377,Pen,1,47.72
57PBy25Gd5xFc6z1WFTgKy,157,Tompouce,1,79.38
ctfTTavTnmDhYjuLywuZL5,374,Socks,1,43.59
q49bpzqL5RZXu7J2U8XSb7,751,Bread,1,71.36
wrQowkDA9vEAvX4BqcyiME,700,Paper,1,10.87
pT92omYsEHCuPK71WXfQ3i,971,Towel,1,18.79
usGEPyAkPo9yogx92JvQxg,591,Paper,1,1.25
n2LxC39LJRtTX76JKxB4RP,330,Paper,1,41.53
sjfTNqztPYZqe8WygFTnwk,288,Paper,1,62.36
mkJfyMrhnYJ6h8hSzsxUNu,851,Bread,1,50.42
nhJQrC7VB2jenshDZXqS7G,523,Curtain,1,60.57
kmh87E5Tjf64r5rXmEK4FT,759,Pen,1,36.17
2KRgWnGm1bjoxspv8av8Tz,838,Socks,1,41.09
p4tWZqWMUGVSgyUCFsCTaK,324,Paper,1,27.2
vncpDiKKhpzVtcuVCKLymC,358,Towel,1,59.94
6kbwqMvcpVkUGQgczMBUFh,527,Book,1,34.75
ewR6zKWg1UnjD6nVyLLx1S,647,Curtain,1,74.44
kG5udT3CoH4ZaVJXhKFTAe,367,Curtain,1,23.69
5tN4h9EVKLvEjpnrzUGvc3,885,Book,1,61.22
cNCVJp5YBb78aXfC95css8,280,Towel,1,52.81
vG1msRQdmmMqi918JMDiD1,580,Towel,1,32.35
k34WBR2am68vUyBWc9sugr,396,Towel,1,28.12
d5bN9WfijmANedFXY8fMaY,813,Paper,1,33.07
14vBTYC8vHMxomPc1gytPZ,805,Curtain,1,22.71
vg8ieqEpYoHnJMhycskY7U,447,Socks,1,56.88
eaaUd29NhFLqqJHRNXEVJf,438,Paper,1,45.43
3ia8kFBxhPYoxFc3JBeTSH,973,Shirt,1,50.09
fgm7FcsmYGBjHNsP9dudRC,515,Pen,1,33.58
u9TkBJ2iWUByJ7SRmMguqR,574,Shirt,1,41.52
nU8pMjqLU8KxxbnZXPWnsB,820,Socks,1,75.06
vzmqyzCdRXYYDDUU4JSTca,198,Shirt,1,66.5
eY2L9ft2ThFcJste1W1BX2,290,Tompouce,1,43.76
tRxVzX1zVPfKxasz41wE87,526,Socks,1,32.49
9vitLV2yvFQMsYoFcgrjso,245,Book,1,59.65
a97KreURfZA2gUDCgMdyRk,390,Pen,1,32.83
1TvadBnBhPx7fbMZHd3Z7z,948,Book,1,23.2
wmFnXPeKQ7JtQXEaqEb6rx,996,Socks,1,25.55
rSy3ybiEJDd3xq9HkkzB4W,319,Paper,1,35.15
aM11TDRcWkHFFspytfXuix,369,Paper,1,72.61
wvijf8re1Nkw5TUR7djtgj,971,Socks,1,39.12
npFcx8wG2yUp5bM5oxLgu9,930,Tompouce,1,16.73
baL2MJ2N4k5rbe71xKFHiU,316,Book,1,25.25
oMLg5TFfYzTMFQNXhRaWu1,501,Pen,1,81.8
gJjyCs6mLBbyC578W9FdAr,701,Paper,1,23.2
qmGyjtrwjzL3oF3Hy8E4R7,856,Book,1,59.47
94BrBh9MC7tHVd9Sh3mvco,178,Paper,1,6.86
tisv8okLwBmArhNqPGd2A5,441,Pen,1,12.53
vBQ5rsBzvQ9f7Um56Vteq8,652,Shirt,1,23.51
dCV8YkRT49UUDX2yn1n8Nd,587,Pen,1,29.28
jqY1HRomYVLFZrPsyKQdUf,493,Book,1,7.19
sANzvB3Kp1xCRhs6ac1Y1L,568,Bread,1,51.8
uEGGwtfwJYLKCavNuDniVz,563,Pen,1,56.08
52EAruRSFYSq6pTfwiizG1,194,Tompouce,1,33.78
tSAX7GveZ1hYEatLqnnH2o,345,Paper,1,18.83
77pd6e4Qsm8AzFqQuDtUpW,285,Shirt,1,45.91
8UpLyL1u3h8wALokE1pwfA,331,Shirt,1,36.4
nXfKzaAwhMvzmu5jqJx5hL,955,Tompouce,1,34.05
jvRhWoZe4EfcTXAHZRLZGC,376,Curtain,1,44.69
jfTVWUoq2UePDL2yin7sQa,974,Pen,1,26.24
47VT9iAHZNZeCFoARRjEag,994,Shirt,1,40.67
goaw7xxDHNHrYQ3UszwQJm,264,Paper,1,24.98
qcmpLzuZ53CyiFWLi7Suyb,793,Socks,1,2
ry57xFMiGE3iRE9msKwuvU,791,Book,1,3.69
h8xsj6DmzfZRt9DeH7ksFe,840,Tompouce,1,77.59
61LRyjS32oJx7fb576T951,769,Bread,1,25.73
owFdRsTQvtgMqiW1Lsp6qK,730,Towel,1,13.01
iALytJUizqJ23TJPao4aNw,474,Socks,1,36.77
v7QhJmQqE8u9xy1x3eV5yJ,223,Towel,1,40.69
245vMuJdTpbsqdyRRL2vyZ,921,Paper,1,66.33
iX1bWv6Bf21A5Hu1j2YUkw,264,Pen,1,65.49
bUXLh31nTMUphEJvM54JJq,907,Shirt,1,59.74
9wLs9d3djskmWi2cvyxAxa,786,Socks,1,2.3
tEsgSjw23vumZEA174F6v2,216,Tompouce,1,23.51
sxG3qzM1whUNuvLdUqi1cw,540,Paper,1,8.6
qTv89RUCzxnFV65jbVE3Uk,601,Socks,1,30.65
fJWmSdcwsut1iqtFusvJvb,547,Pen,1,8.02
ndWoPUQe3EFJzHeLm2hrDJ,187,Curtain,1,37.85
r5ACUAu5L8S2LN2D4GMD6Y,247,Pen,1,41.21
od1mHMDkFq3wh2dUrUWdAS,570,Socks,1,55.51
p2d27JTEVn3BYfHPxFAJvj,856,Curtain,1,40.16
qmh2hBxMGdu6cqo3wFYHXH,460,Bread,1,24.76
weTFzuNMHeMUm8Fv7XqTPn,616,Socks,1,74.4
rWuEyh5K5iqc68qWvC4csP,915,Bread,1,80.29
rqDwfR3qjn7gE6ETcEKsFc,396,Curtain,1,54.13
oZZioMCh63HAMRdnkdF7ym,657,Socks,1,53.86
8S1Fr8UqfbmFuYoRV2PRL2,415,Shirt,1,43.36
i3TKRyCLChngsZTiJ2h7bm,231,Curtain,1,72.61
mBNhL8WJBFjnfPK7AiGrzf,110,Shirt,1,37
ogpTugsbQkrJKLMWSf5gYo,949,Socks,1,52.9
56YVyZHbwzYphMuA4dgutc,663,Paper,1,13
kCrdx72L2zAfH6y2AHE5mt,965,Bread,1,16.08
3pN3shVJN5b9LVkUniJonM,448,Paper,1,17.47
xAmtw9VVQYGKfyZ9WYJess,462,Book,1,65.44
m2XMMKqo1ebyE7nDvxvrDS,167,Socks,1,25.5
f4hgRKiTiK3ics1CZ768YU,640,Shirt,1,26
mQ9HtUbZg2uw7urkMd6xTL,646,Pen,1,31.24
pKZBbhMJ3ThDVA8vaWfYBB,222,Tompouce,1,30.74
23sPLmsmGEwJNcd7ZXBcye,823,Tompouce,1,49.44
hBFXCKCFhJC28tnMhD3pmr,652,Book,1,57.37
x2Z3ujfZWkcWS1hjvQcndL,840,Tompouce,1,27.55
nKWMf6bXMwZEzTdcNddM9f,959,Pen,1,10.36
wG6dgiiFteX9hgDCAYdCMR,340,Tompouce,1,71.97
bwxCpPYDcZEXZcw1inK7nR,794,Book,1,31.08
kqcDX957BRdQkRJsHUAKCt,572,Book,1,2.45
71PJckHszCgjmpCP4uRu8q,704,Shirt,1,73.37
mbfGD7z9tdQt43z3aB1FkP,555,Curtain,1,18.03
rx9BGNpxtMzc3GejuWD7mo,759,Paper,1,18.41
8h6bdRmbXvJxtdg7aRSwFw,109,Paper,1,5.15
c8keX2Ya7Yr36RGN2NepXR,637,Curtain,1,72.29
9rbwA5jcvEgNo36WcSkVZh,414,Pen,1,36.2
9cjVZUK5E2KCtomzd2sfXB,548,Pen,1,16.77
iEZZCvaURK7ppVFJmgzEfn,268,Paper,1,74.66
ctRPGtVW9aU67HEHaS1FDf,987,Socks,1,6.75
3Nr4nGbiDdGYWfmi7cEz3Z,704,Bread,1,31.72
v8Tt9C5LwTZFoZe8u5JjPa,140,Curtain,1,29.36
7gkmn3BtNii1qLBwvXnBUU,856,Paper,1,33.27
sQqrjUX4BXKwizF72VvTGV,998,Socks,1,52.29
kVfUGa2W35regFZiPHpx8x,647,Pen,1,71.26
q1FN7a4Qg7xW1Wb2mNJ1vF,322,Socks,1,6.31
g3GRUJ6kdZVgkVBCrNUCxE,551,Towel,1,8.06
sNqhg2N1zgpQkKJ1qCXSDT,306,Towel,1,40.64
aVdo9XPJXwcoPUEuG8fDnW,523,Shirt,1,16.03
2mj8a53iUccxzabLZe21o7,605,Tompouce,1,36.43
afJLee4Tj45xDiUjE6vFFB,493,Book,1,8.86
kLtEueZsoCT14caHvdMWwc,161,Socks,1,79.71
jZyBNzeNHkm3hjNKLPJkWe,111,Curtain,1,21.44
6gq8WasdKAJ8VBRKKatjut,207,Pen,1,32.77
6sjWJxHdBMcvynPr365om6,315,Socks,1,62.13
rCbTrVUJqAigCYEPXuUdGR,196,Curtain,1,13.2
rEMa65qXWqXSBq7HvPcGFZ,217,Paper,1,44.63
sAbJPErG5rF4Bx8b4BPtWn,111,Curtain,1,9.45
pze8xHF6pYHx69ffLiKnDF,407,Shirt,1,73.61
umYkPjZoSmVVN8cNuN8wh9,197,Shirt,1,38.95
ksWYRQfXXEJihZn1h7iaDw,322,Curtain,1,51.92
bMxr56N2vKBRjMNj2gToFW,656,Tompouce,1,51.5
vGGdw84tBmzoKoU4S98d8U,847,Curtain,1,23.56
pe3SiZnKVSAdBJ2QouuXdM,895,Tompouce,1,28.06
ocQNhc2YXtUorpvvu9Kykp,223,Socks,1,6.75
hzXAwZCqLrBsfcHqUsPVfd,965,Book,1,71.49
p59SF3HSnZssQNF5Tohmpe,439,Pen,1,82.17
ih9RL1pJkaH6sqDq4Efdwa,883,Paper,1,68.15
qyWJkZG6DusAre6wD81Yu2,688,Curtain,1,56.11
kCgkuXLKKnPo8tpKs3Usqg,554,Tompouce,1,79.51
vLLGRHXXseKMf9Tz1bp3AV,109,Tompouce,1,36.22
7uupmNR97584FywjM9vVLj,334,Shirt,1,78.75
8skb37Bw3UR4HK34y2KE4Q,695,Paper,1,54.43
gCBAi7ZrfAb6KWYkBoDHdG,891,Curtain,1,33.82
gxxp2PDrheWCeYd5paQfBb,492,Paper,1,66.45
tys7Wxn12WAw6tKEs26vTJ,422,Bread,1,35.26
fNvQygbPFMHp44ZdeKQyUW,434,Bread,1,64.48
qgqhbjPFZVKPEddZN6zKGP,390,Socks,1,71.37
qxzLNFqgq2bZkCXQurXKaK,182,Book,1,9.08
wehC5vx65E11WDNeRUDg1a,329,Bread,1,6.07
3AJfNs12pU5FLqhEToxiHV,898,Paper,1,55.18
vrS24nxkC3NyJ41U6yRtM2,257,Bread,1,26.03
4NZ8uqsDAg6cyEtxRPJXbi,699,Socks,1,22.13
hroKuCMkTSF6mA9e4E4ziS,229,Socks,1,18.62
rcXsQFEYGZN8zmigGDQnk9,518,Book,1,54.37
4377NLvo91djbcc67iUsUV,850,Book,1,77.42
pdZfjFkn8P5KzG8mZc4sSd,985,Paper,1,68.09
eTGu6FrE5YHRKmB9VnEa9s,659,Towel,1,42.74
dxSeMf438iTahnVcYN5C69,170,Towel,1,40.24
qZVgBFnr7gdWLigxdQ37Z6,492,Pen,1,12.37
vWvUKcjbFA9Hv9s6WsWRk1,552,Tompouce,1,64.34
ujsrUBzdhzoBd118cCjD6W,475,Bread,1,41.95
bZKoAhQH5PposPFk1XKdwR,730,Towel,1,21.77
tzrpGtfN6pcPJ3ANjP7Xim,907,Socks,1,58.6
cv27Rfc6Fgy259EcGf4nPB,320,Paper,1,60.73
wMG13Gg8LPu8kKXMzbUVFR,334,Shirt,1,9.09
k9MffbTDNWnvyq5rBTeNvR,175,Tompouce,1,28.95
h65k4srtNeqodBzAPU1Xne,184,Paper,1,73.15
wWx9Ech5CfLry3JwAD8mJ1,862,Curtain,1,78.57
5Lp47iQYK9fe1rPBPKGwy9,288,Bread,1,76.51
oFeiztXiWEnDz3HuxhEgar,185,Towel,1,16.25
kCk52Un26uvwtRCxBPHbsF,574,Pen,1,31.73
2o24NXLcyMe1KZGb6SoSWr,322,Towel,1,26.14
2sr1Q9SQEyToLfkZftJjZB,850,Socks,1,40.73
hT5GaJK8w4Rz3LKGgE66q4,687,Curtain,1,51.34
iLAb6WsKy5CRwuFMKSmsRR,885,Towel,1,31.1
7z9jvZYyQF8ah31BSJbhby,137,Curtain,1,44.06
b49KkgEtyzUtfUXs8y233W,437,Shirt,1,50.5
eFNmAsfwKpVBqoYcSBRfkg,335,Curtain,1,73.78
6opRY7dQhCHZtK74R9vuGi,187,Tompouce,1,37.96
bQYeNPku8EPscRkq49RjJi,191,Pen,1,36.98
2DBhWn6etfKDmZJMxfUf8i,585,Towel,1,35.37
vMyYGMo5u2NxkHUjT1oSQ7,760,Tompouce,1,39.71
16E8fXomkVwAwpERqAXeew,182,Curtain,1,74.71
xhYkYFiSsVGnVTm4Cgf1z2,463,Pen,1,18.43
tSLk7d3zoZnYpjGX1SHz91,451,Towel,1,68.86
2rEW2wTvLUxiriGbKZE1XR,460,Socks,1,46.53
p5d7YJVsWuKHNe4V6Hat77,189,Curtain,1,10.12
tuwMwdvEkqXKcnue2n2aSJ,541,Curtain,1,32.84
3mDDJCHyAGUYKiPYKwBQfo,520,Shirt,1,59.15
tJgMwhKCHj6zYRiMovYgrw,631,Curtain,1,77.91
4NC9dBQdXjfvPKgSWxuSar,923,Tompouce,1,70.96
bZYcxhQ94RYc9meAS1d3Bp,210,Shirt,1,21.28
4Nk9vdzWP1e6AHYC78Wix3,663,Towel,1,48.22
voF4cwuZXvPP6nAr4RX5JQ,993,Paper,1,58.95
vq3CUNQh3Z6uMqUXWSHtBD,336,Pen,1,66.49
qxfJ1MMwszyfBTBER3zRND,881,Curtain,1,42.47
swqjTSkeSjheRjuaz5XwVZ,609,Pen,1,80.95
8ow9eYgGHecsw7Pp2UkvRA,124,Towel,1,13.48
ksPRk26GYDCEqeKqN5Spys,731,Paper,1,18.24
gEcUb9fYV2DLPE9qu7Rf1t,937,Socks,1,32.52
so7ja5XckJqrcKY6hvcAam,507,Bread,1,80.7
qGpoNHqhxrLydHwEpBhUj3,894,Towel,1,14.15
hQjX3ZLQU9LUtUxghT3PY1,534,Curtain,1,28.15
tXGRrZs4MCAPWk1x19GcL9,173,Book,1,44.7
kDnSaFWej2abzFQXoAW65K,182,Shirt,1,33.1
xn738qVW1t5uQWbQMk3NCq,425,Pen,1,80.06
aEyVdtTQMcFGuV5A4pcRAF,899,Curtain,1,75.4
dAigWhgrTgDAmHNXx4HBUT,943,Paper,1,29.94
mSN7oj1cQZW3UTgP9zHtzo,419,Pen,1,33.32
w6fWu1pdyU9W7eDXQX7HAe,742,Tompouce,1,51.9
7jBmvHR2XbJwrX1fjPxNoT,852,Book,1,50.46
iidFh4KPZv15Nu8qrh6K2r,165,Shirt,1,3.92
2bLmbm7HLaCH7pqVvAWtqc,208,Shirt,1,54.89
4GDGCo3vxXPJDTrS7t9p3g,699,Bread,1,60.11
8CQEAFTG9X6jaWe9ZgycCa,117,Tompouce,1,9.62
ppTFH27FF63H58563trF1R,469,Socks,1,65.25
pksZRDXj63L2Kb8G9cmaFp,417,Paper,1,13.85
u4w6poym498vDsJCS46uvv,570,Curtain,1,23.26
i7D79fDgsuX3XrRUDTbo9y,160,Tompouce,1,24.43
ts5UrNB8od3BMBsxNEGBpB,735,Bread,1,43.55
qn6s3KLYtPGEA7TyYzkNtN,665,Book,1,41.19
6pQoujQXacdvNRYFcHbikT,449,Socks,1,51.3
v8UFTHCdius2Z1ev84taso,655,Tompouce,1,60.43
79FbgHjLSxFnGgV7nJNwq8,331,Tompouce,1,51.9
6rXEHwtYk3PrGWPetR5fWS,225,Socks,1,20.92
4uTbJLnCS3GJU6U3PiejBF,577,Tompouce,1,55.1
jeGoyN73uPbmUBaVqxpqex,297,Paper,1,3.63
b9fBFAztajBSHMRFLf1k9u,168,Book,1,50.28
2YMCbhXKykjvscxdu5yC7e,405,Socks,1,68.99
sLfxM1zWR4oFUazEMY8LYV,538,Shirt,1,75.38
s5pwE76YTaEGqstRYWrq5d,291,Bread,1,44.44
8t3ikcLkx9qZdauAd7DyXY,770,Towel,1,72.04
stPU5XwcfsZrAgKj6Tmfuy,177,Bread,1,54.35
fzirFXCBZMVonLQFxZkvdp,427,Book,1,32.62
x74zudqJsr5AqQsT1GBux5,854,Tompouce,1,7.72
3JECaqDNGRRdsLnZBxBL5D,876,Towel,1,58.44
kBq4KrHsoGZAW4VW8iepgi,438,Paper,1,81.99
noVKBqXqWwNP9oAiryBpqD,937,Paper,1,12.37
4YXALBQ6Dsbndn2FMa9mq6,601,Towel,1,70.5
7EvAzmHVGNHjEVJ45sjrWV,486,Paper,1,72.06
d1BSXRx5pHGv5e2hfpwhau,433,Tompouce,1,52.06
u8xHrHRyzi9JnhVi4qjW1E,400,Bread,1,32.43
qAyESiXLT3WfiEJmEvuE9e,950,Socks,1,64.66
q4jxcEsKq4iK5myeaPRDfN,822,Socks,1,65.75
ti2GKBbaVGbV2zfWy6vzWE,955,Tompouce,1,58.9
iZpQoeHrk2pMr8Ex5uk6Au,249,Bread,1,28.5
whaCuYrGEZPdtqVhZ71SQh,819,Bread,1,6.44
buv2faAZvH1GWbd7NsJzSq,608,Socks,1,55.32
vwE2hagdRb5tWSWqyu1qHy,419,Towel,1,26.96
6EKsYE84qXQ4dD5vbxqM7w,503,Book,1,10.31
1bEzQgMtpx5sjwsVedRtHe,636,Shirt,1,54.82
tHDNeeM6Mtz7fdEkjhM4Fb,102,Towel,1,46.13
xivUurV5kNnyxasrM9PWDf,842,Tompouce,1,27.19
qZSzKgpnmwfdqCgnuEGXuu,678,Tompouce,1,37.13
pbGdomrXqfgrpzx48Dcudg,621,Tompouce,1,77.79
bBrTRMmD3cRR6kWQdxaABG,711,Paper,1,58.46
j5ok265spMFNTkSXgSbx8U,914,Socks,1,58.6
umfnQHfN4YAx7MBz4B8kgZ,194,Towel,1,56.17
i9r4DLma9kHCzRS67BeeKx,146,Pen,1,67.97
kmteNYs8RQg53MqMEReNFz,366,Bread,1,62.97
wBauMAmTxnvJFvHjk4secY,719,Shirt,1,30.36
uJSNptYU8zcu1yLnyQ2jDe,351,Pen,1,62.34
kzujCXb6aV6a9BqMYVnSXD,511,Towel,1,60.99
mWX4SnVQNfaz5bfoy1WxeR,989,Tompouce,1,20.44
oMpG8vQUSggKDoBUgnNea4,275,Bread,1,66.82
3G4AYjZaANRX5LwzcX99SU,366,Curtain,1,42.18
15mBDQCimz8rHQXLpeCWAB,898,Shirt,1,82.51
6aqA9EvFQTZPJpABm1HepW,861,Curtain,1,53.31
4x8gN448zk8z5UH9j1gfHd,857,Book,1,64.69
o67CXAeuk6ee5Nfb1rmaqA,487,Towel,1,46.3
kGEq2Q5pavFbH2McqVqRY8,487,Shirt,1,39.94
nETzoD9BX2u3mcY4hGu8WR,600,Curtain,1,24.15
nsGPvXbRbXNEjPPWtYEEmW,816,Pen,1,33.78
9LFzUBFAJr9kPPykwrXjc7,320,Book,1,79.22
egTqrHQZQvfdhcJAJwC4Nc,187,Paper,1,74.31
nuJdcnVe9qRG3fQfQJuTgy,181,Shirt,1,29.78
rMund8if9VfTMbRo8yngw5,979,Paper,1,57.1
og4Z7KRvntZdq6YoKA8izj,383,Book,1,11
inW79AW8dCGvPrv42RxP78,511,Tompouce,1,46.98
meUyCKDjgJQhSpRpmcSZF5,514,Tompouce,1,12.97
qdeZJuXhm7e226Bzoma1jy,225,Socks,1,38.9
xoWcRLEym8ESj7tJU7szzp,953,Socks,1,65.96
uovVGijf3zMLq5EeFvHnMc,334,Paper,1,50.31
4E9y8PdckTSiPm9yeKDd2X,366,Socks,1,14.05
f8avmh1quWLH5nsLDXh5ST,291,Tompouce,1,44.27
5xaRDBArUNeWDJcg6cU5FX,142,Book,1,19.08
b4T3rinVdxuD1GatxvTEjU,988,Bread,1,67.94
q14hVPjiaf9Q9SykH4WdCS,396,Bread,1,74.56
kaymZ32DdetFqDnwW8zVDz,673,Tompouce,1,13.23
w1BBijPQ7owTRpeLmgRbVu,827,Bread,1,79.73
qtPbbNHvUeCPQDGydPSUsY,158,Bread,1,36.47
wjxLgcUG29x28v11vLzEfp,615,Curtain,1,50.38
g1CsLVTmP1heduGP5HFbhx,893,Socks,1,36.2
1tXq4ZRRG7RCXWHX3k5Z3H,119,Paper,1,27.36
m1zCJdmaa1vsMC2iLtsAb9,587,Socks,1,75.57
aDtdjxX5hnxjHwPp6UhJpN,267,Book,1,5.03
rpBFproQRp1GcD6VtprM84,296,Shirt,1,65.98
guWqJMxr7eBSnS2TnPVyFo,163,Towel,1,61.43
4NhFgGqe1YA3gRUM5vccLp,919,Curtain,1,57.45
bdcQGGiCSPpPeVuyzAWaXi,879,Paper,1,10.14
a6AhNrkjX3xTTEevPVoaGj,749,Tompouce,1,34.25
b2xVx4GAcCkkHyXm88CRsH,846,Socks,1,69.73
rASBJp7XsZ21Js2uctMR33,228,Towel,1,61.56
1G4RYmrEmMKxrXRzv7nHYB,679,Socks,1,28.91
4mfwvj8fvXs7zFEsnirCdn,405,Curtain,1,33.59
2nfroyNfzYeNKvJFibWByL,782,Pen,1,20.75
r4f6DWMhDe1GENJXmKoiSf,109,Paper,1,46.32
j9QrQvJhqTou4oVsxsyTUF,654,Paper,1,33.03
g4hvHFxgJsbfGCKCcPknEc,813,Book,1,22.97
14DM3q7sLobwQfXRGQAfM5,332,Socks,1,43.21
x78qwUM9JJeJqk6ttDgScu,297,Bread,1,82.26
53i3U9BnVgHCn1rpoTYSFY,515,Towel,1,43.24
d9VxvbGRqnDJobVK3FSEyH,753,Curtain,1,18.85
uCyrj1jcvXkxmNambYKxd7,694,Paper,1,62.6
rgBzP1o4FYnVmvWZ3GFWBv,269,Towel,1,40.76
kFYCxnPg6wCdN2xas1R4Nr,768,Paper,1,18.72
2bgUeyaPtztBaV3owpFeqn,689,Shirt,1,18.11
7WLvuBQUHks4FktN9ezSQ4,721,Tompouce,1,5.25
kKi6t6FzqJSE4rnsRxeKEA,235,Paper,1,58.62
cQwCxZ7XYr7ttQZ2Epfiv9,477,Curtain,1,70.18
9eoHkgGTR3bvqsgn9gP3AN,808,Tompouce,1,35.69
oUnaPEyHe3bzWbEct1Div9,764,Curtain,1,51.58
hRNTsxHn3r8cmAZKCRgntk,560,Pen,1,66.3
7eKHxqA93wfYhvRKVz6MJu,857,Tompouce,1,29.86
8fByXLNeDbGL88prbLQwEx,227,Pen,1,47.12
fqSVbSbDM1f34DrUQhCXfU,115,Towel,1,62.36
cJpSWhF5JF1kD3fF758TKS,404,Pen,1,18.75
4SG43P9tB14o5G2dwJUPtz,485,Socks,1,12.55
dtJPd1VcrU9zaQLfLzT4pa,434,Tompouce,1,43.44
tEYBpAJTbZ8iePioLLQErV,949,Pen,1,42.99
dRej7XpsUAUkEp1b5AXS1q,473,Book,1,10.43
wTm8pQMbba4afPJzSxg16v,553,Socks,1,35.78
8rxXTvMJRBKPNEAKTnsTYw,161,Shirt,1,15.03
ukzbKbth6biiNBee1eJqSi,126,Socks,1,53.65
m7UCh7f2BKFs5rgnR8esct,654,Towel,1,39.37
vjvMxMwupBqfXSnonoq58J,270,Shirt,1,79.22
hvceipaAWX1yBiA1NZ8nNv,389,Tompouce,1,54.5
jnkQdKPXjsBZybA6Ed67vS,548,Bread,1,60.76
m2zBLEMgXTvENiX5tBEi5b,421,Shirt,1,44.51
dr7QfdmNUGhWzFrwno8iuC,561,Curtain,1,40.11
teK34Qg4B2H9HmE1PNELEF,985,Paper,1,19.14
gydVWQV51XN4TMqqGdmLBt,888,Bread,1,52.54
qdEqdtpjkwpzMsUWz6LJAU,275,Shirt,1,59.13
wfeLT1oYecPcbXXTheF7ne,612,Socks,1,58.26
vVyM4yk54sHhGWT8izpaQf,359,Bread,1,17.9
getWeZpdqVvaNqgeaPcekL,406,Paper,1,72.14
uNH1AtfPZTPYRXwWtFh21G,350,Tompouce,1,30.35
8yseDH7AqTU6qMNNMdCQNN,414,Paper,1,55.44
7iQxEmeH3Lm95RQAwZZ1LH,804,Towel,1,64.25
eXEAj2juPzLXBUUNfCirxQ,203,Towel,1,29.18
a1VHVPPizKMwKSdx8CKNYg,622,Paper,1,69.25
rW68KST9TYvqX9bPunWELi,410,Curtain,1,69.67
cfnDq6nRZwTHNbPRj9mr2y,946,Pen,1,57.65
9LZH2bN7fLsAegfoSFLAZo,356,Book,1,47.49
3ALaszYePo3DbbSvmJvRhV,933,Paper,1,9.81
kQatQzsK7GicxfVZB6uoKL,589,Shirt,1,1.01
t9syZeGNwSc6icoTkdZkze,329,Socks,1,62.92
aFeHepLkRUg2qa74P59XQo,524,Towel,1,62.67
a2cwcqxEbT3sUzB4ZWQSNY,778,Socks,1,45.33
eJNcMrzU6gG539sgxvSd7K,429,Tompouce,1,15.85
khksrM4717wohLSE6jj7Vg,169,Socks,1,37.28
nqBpq3JqGaYQvPBwYTQAQt,389,Pen,1,49.08
sTwAfnJffAZjD8Vqh9phdU,954,Book,1,66.64
pjANVbLCPhYtkf9qxuYay9,514,Tompouce,1,19.38
dGAvtn7TNuvy3L8RoCPLwe,248,Pen,1,68.33
7h6Gwnh1mtrHMBYdn7FrCv,745,Towel,1,22.99
jwRrKc5Ha3ZuVZHDmHB21h,669,Book,1,4.75
tSbvrSMRHC7BPYr2SSTqbf,284,Book,1,39.02
2GteupdUCBn7D1BQmj9k9n,806,Book,1,10.39
b1hU1P5vQNE3Jfh8wgJxFz,678,Bread,1,82.22
32QxCur3DBfUkQkV91rwzk,848,Book,1,52.58
bzX3WxGUwwvFQ63pb42WeZ,620,Book,1,7.84
3iHdytYJurWRrhXgC7AZtB,708,Towel,1,77.6
1aQEhwVJpcunSXUune2mHt,708,Shirt,1,81.24
jdx8pDP8WJFLNwnxJhgVE6,720,Bread,1,74.81
3vk8R1mqt8De21ZcYsHRgA,975,Tompouce,1,29.96
mqmXzX5iQBgJnM4W7LUtvd,360,Curtain,1,59.54
bAFm68arRWJnZrirtZDXk9,583,Towel,1,66.53
6hfdgZKvrSwaHDUpgj2xJX,759,Book,1,48.15
4JvN97TfMu36dvXFNnTqoQ,316,Tompouce,1,59.5
1aXmWV9mVmzsnYH6AkwFar,423,Paper,1,37.66
qBa95jYqm3cQsPGuCVkTnu,645,Socks,1,53
cXV52fFABkzTBzCx2ZLT1t,867,Bread,1,62.48
jZSB1A1P1jpFjkD9utCyef,570,Socks,1,15.16
xdoHkkW6ZAkL66VCNzqgRf,671,Pen,1,2.42
armDeSQgBavG1Mrrp57xJr,167,Tompouce,1,24.61
qDTDdJC7c8546kNAg3yzUi,666,Shirt,1,42.6
2xv2hWFv2Pn3WLfvXf52K2,858,Towel,1,7.19
ms4J45BWquEawiQJwhK67K,553,Socks,1,75.9
e7kgbteSDJ1YC2u2V37Frm,670,Towel,1,25.01
nDUDP4k5reXjwGquNMMG5J,277,Socks,1,37.24
tDCeAzuoN8uhAAcuN4VtLs,512,Paper,1,58.39
nvgC5wSXzm5sMaotdzZk8E,646,Tompouce,1,60.2
1hwp2qnzxhkZvHsgNpggNQ,183,Tompouce,1,82.68
wMKG5dieNagVjtjdWEsHD6,661,Towel,1,50.36
iPUP9EFoBvqnqaEuwmPAA3,904,Bread,1,28.29
j5N4Lsarnq6ecNQcguTtAi,208,Pen,1,67.05
rVV2ynJH6m1g1LFZXdqJXF,488,Paper,1,59.43
2ByNjvycpFQE9uuuyFgZ4r,552,Socks,1,69.39
16Cqc7kSVMjVP4LSeMN2XG,508,Paper,1,31.21
aJRZxRWZpVwm98a9iBcJ7j,691,Shirt,1,60.62
89wGnsoHrgpeok3u7Ke3N5,320,Paper,1,52.14
5MwGfE7jDYZoawXbEvsDXa,280,Tompouce,1,34.89
emGkefrCTdMEQ1kti24dVy,965,Tompouce,1,55.98
5MFmAusp7qBpdWQuVqhYVG,587,Bread,1,24.48
ecFqnd2RXpnNbPeN8ZhvMn,140,Curtain,1,56.44
tvFAzYH9EquUKPjFE9fqLd,353,Curtain,1,68.12
6egZveqKkxHWH1ADfJcwNt,565,Paper,1,28.22
qTsyJhW293Z4D13HPtNVMz,769,Towel,1,61.31
7yYufH8teRoy68XrqjZGcN,787,Shirt,1,21.73
o3Zw1cj1yBheQ5Ufb8o6Jp,456,Paper,1,3.95
qSezZbawbzFL1rZYcAHBSP,653,Bread,1,14.23
5KViDJKJbFxoaGpXVWDzs9,495,Book,1,14.69
nVuWzEHQJWLkxfVWkxFHTP,240,Towel,1,50.12
iQYeHnc5UrKAcfhAFWnKKL,702,Socks,1,36.09
srLJV4uvjX7AEMTXqdgpPW,600,Book,1,5.85
heYWF5Nt812s7E5WJJ78vo,511,Paper,1,12.11
1f32ZmjUcjLTrcDeu4VKXQ,279,Socks,1,48.58
eX77EkXjiWFUdD9B3LPM5Y,444,Curtain,1,67.5
stRKYzF3DBQcTtRnzNLMNj,321,Pen,1,1.59
bPHqRRUvokTpfVpSQ1KMov,215,Towel,1,68.12
gchnz6WtrJvZQDJVsPxvF7,304,Socks,1,72.85
b5THwrraDgRqpJ47C3iaQC,679,Curtain,1,24.7
wuxpoyebrnBEYrcrpP4K2F,107,Towel,1,24.92
pJHvC9nKazzesAbTHjKUJr,496,Tompouce,1,4.18
7PqxV3uCzdVSKQVrmRiByC,120,Socks,1,80.98
cetDE6ge4UivX5WrWdc1VP,450,Curtain,1,22.36
nAb12VqR4or9E6CqDWYodE,296,Towel,1,70.49
siyWE35kiqB68Hd6X8396w,163,Socks,1,36.5
wJFxBb5XGVYB52adyhwMHi,959,Towel,1,13.17
fcdaVTFquBtTHVW5duBJMr,466,Towel,1,1.95
85WjAvKXRmGpMgJ5gMwvMq,271,Towel,1,9.39
fypbKScL6omfxV3E3zEqE8,828,Pen,1,33.54
85TxPFv8z4RXpZSeh8WQcM,939,Bread,1,68.87
hM331LuXjWa2KMNG94Q2sm,652,Curtain,1,19.64
rGhHXWptoCQhwBAAqbGFmr,286,Socks,1,33.83
5oNyVCJ3q8gYeMor3Nzp6T,696,Tompouce,1,20.03
ipDhB1Rey6Xa57KdB9PMWq,189,Book,1,18.39
nyzASWyEveJ9LwyE8BFuDg,207,Pen,1,3.85
wDrFYrtTRidJXMZ5v5Z9N7,142,Towel,1,32.69
e4DEotyt1hvXjqXk6HpTbD,671,Pen,1,26.93
xrViGLVhbcoUzikmJThdcU,456,Towel,1,77.9
r9xPJhH2UgaKf2VUP64aTE,251,Book,1,10.09
agCkrEzwtp75Go5TmZJur5,852,Tompouce,1,6.45
3Ya2KqtG8E3iyrfFxzwtig,467,Socks,1,14.67
3ZrY7dwitZBoYNSKfS7PC9,669,Shirt,1,44.82
fRabvavALzgwwni5BfuLoD,896,Book,1,58.86
ngNATagJ2AJigtqL3yUGJF,771,Bread,1,4.02
7Re7xPL9VRxdht1TGe3xFY,314,Book,1,71.95
uiPhudFqtHZ6uaeTuQAm2L,988,Book,1,66.51
dAJDGDqQey4htvvWx8XRek,317,Pen,1,19.37
77RdUQRsLQ4Wv38cdS8yvK,884,Book,1,27.03
rQeZTEuDwk6fJFx7ommGf6,605,Tompouce,1,43.62
dSorSEMyRU6tCs28htxQh5,109,Bread,1,82.5
cXZwWzP5KvcppB5rvfcD35,943,Towel,1,40.81
9TPRiboRybPk11S1KnmDVG,309,Paper,1,23.56
5UJLKU3wXYciv2M2n6z9Ax,406,Pen,1,69.59
tZq624rzN2BKopYuKbARcH,218,Shirt,1,60.14
gB4fGBd475M9pAg8LL13EW,503,Pen,1,50.12
nX6Kqjw9zS8hULPsUCSAdK,792,Pen,1,28.23
xzMv6CZT66vQhAmyFr1x7v,276,Socks,1,50.4
wCWFqRY6xPyowo5p8XaoMX,645,Socks,1,18.51
mQuBWff2hygbN1zRHDCTqK,994,Pen,1,36.59
eGjXm3STdTdUANyuU6Y1aR,633,Bread,1,28.76
uw81tJSGUTKQsAete4dxGn,114,Curtain,1,50.14
9P5xr18dwV4TFonCeNWN7h,927,Bread,1,51.34
kQukrXwL4f978A8fBkajSn,533,Book,1,22.22
6LBFb9FcTczTS1GuwHLXoX,749,Tompouce,1,70.35
6xhPJyb9dTjqNWgN5jpoHx,185,Shirt,1,80.32
4fYMsqBe3r8uXxZNqLEMxt,551,Towel,1,38.19
5TKDPC6WyjogEgs5988Ecm,870,Book,1,12.85
tUsupc4r2FvjuE8tcTSRHw,841,Book,1,20.47
9pvmFvfva5raABJUvZsVBt,477,Curtain,1,81.42
4GUybswsEBFBHWDDFin3XK,341,Book,1,46.27
2319XyAGfu16cWFgLYmLLV,510,Curtain,1,57.32
gEjfR3LF7VzUMi3F4wVE96,550,Paper,1,11.88
gFs33Ei1JpRRCCUo4f8f78,908,Shirt,1,37.25
juStzZSDdb8sDowobAH66g,583,Pen,1,38.66
uNw88ZoaPgxZ8DXc1UY2Gx,275,Paper,1,47.15
x5ZZ1mri6Zm5UyM4tdY4N9,802,Pen,1,25.43
neKrY16UhPPCx82wvis53X,755,Towel,1,21.41
k3kAb65Nr4A49FzU2xAe69,180,Tompouce,1,31.27
khNwviifr9i3Xh8hmXjsD6,173,Towel,1,22.89
1RW7RGBvSxVrrEdCcryMxU,196,Bread,1,81.54
47EfSPNij4bFe6gB9bReW1,336,Towel,1,58.33
kC1oaENyEMaR9VemsP2mFw,734,Shirt,1,57.78
rTghs4K1aRiQSqZayFTWms,171,Towel,1,68.02
vK17f1gXRqg39p6Vs22FgD,474,Book,1,5.79
5RQXboAQyKLrkP6zfXG6xj,631,Shirt,1,13.27
iTmxG3RydysaZSnzj85rr2,936,Tompouce,1,18.16
64Cd7DVpPwtnPegxZikFRZ,507,Bread,1,81.48
j9SG4mPqKYLLYFTZ7bX74F,778,Shirt,1,54.73
tjqesED9HEtSwMeX2VZAbS,151,Paper,1,11.12
hwo6MSPNgMJ8tFkZ1oftjG,724,Book,1,14.13
eFLSHSjdq2Qs4qnSe3YVyQ,568,Shirt,1,15.56
piY59j61eNyqz2SwxMHAhc,746,Tompouce,1,77.66
qWZeSKW6k39ETUht434nnz,909,Curtain,1,74.14
rWSVp5wqbShJwtPMXki6C4,457,Socks,1,42.09
ePw1ewywpvp59bwGJ98UAw,527,Tompouce,1,33.67
6r3abhT6AxwvePKMjkPArj,400,Towel,1,54.79
6zSznEnjQX2CdG4gfvzdJa,571,Paper,1,36.66
jFtSqXZuMy1NeXwM7do3mV,228,Pen,1,67.74
bccyvr1kNesx9ihAMUropw,110,Curtain,1,13.81
vyUPkNG411DHPBgd4pBhgE,477,Book,1,22.59
aJVhRQofsTiNLZMwcsLSaG,131,Pen,1,70.19
aPBv53SjitzWneG9uMW22q,783,Shirt,1,37.46
beXJSmonUKCFVzU1sH29vF,709,Pen,1,15.23
shAmpehJhMvcARrt2KAWnz,648,Paper,1,57.97
cED1aSqLyuFNWL7pjZ4Lkc,916,Bread,1,29.13
giNCPQCQn9EJzRYhMTJKSW,249,Socks,1,66.54
hZvLtbRYyYyWgAdiZsgsvf,733,Socks,1,14.83
idfmWiZ74N3se1mEJ44NfT,749,Pen,1,55.16
sRy876Kv6AMqv1jzeQHddb,557,Paper,1,72.16
wBqMB9ZbzUzGZTcfLiY1ga,717,Bread,1,39.58
aQbCL8z54H4bN7bwEMG2qs,633,Towel,1,60.06
vkEbgs4EPNHCQMzcTJT4Lo,348,Tompouce,1,57.58
7r4kWRyHBY4G1uGnhxdYHn,906,Shirt,1,31.57
pNW3T31XpCi9Bquz9pJ19t,363,Book,1,11.62
dE24Ka2AGHHYJRGurawDn2,816,Book,1,30.85
9JzpGvTK36Acx6NVDXsXzp,846,Curtain,1,80.05
cNQqkwGEKNpyUJUuyPN2vq,812,Pen,1,7.22
aj6ZLH2HrpeoUNSDr2Lr5M,333,Paper,1,19.29
15AfTx8K3bMRpeZe6oT3QR,788,Pen,1,49.95
eqVpmerZr1DN14bQvxPaJb,641,Socks,1,62.29
b13XMVCvgLT3VwCNShFs5E,150,Bread,1,58.44
fmdVJ621EcH5JE3hJ5xvgC,208,Pen,1,24.15
uj9DJxB5spdWzKmLVqzSeS,432,Curtain,1,19.09
9MqEMZeK1REjj7cXvXq9BY,328,Book,1,2.38
7zFB16Ma3Tdsf5F1dqc3NE,375,Towel,1,40.68
xkSJKmvZZ9XXSePJNdhvMm,924,Book,1,35.28
xe4wPCTHDcJu9AN2H9Vdfd,749,Book,1,43.64
qJYkvLV9uMrwxH7dz1BrBC,512,Bread,1,71.57
g3Dsmo737QoUr8pPqZnvun,598,Curtain,1,28.39
q4JGuFtZTM4sRYqbC4TeHC,456,Curtain,1,29.7
h443GWhCgYrTEst4anz5UV,638,Book,1,65.63
82TrYTFDUyd2pZYh1GcLyt,254,Paper,1,14.4
iVsLQQHegYRjicHtFrmawZ,774,Socks,1,24
19AQvxzKmtLP9DymyB86JP,947,Paper,1,3.02
cvNbuRPz6pyQFPizZKVd9a,591,Curtain,1,52.66
mvZe9xFd2vS1kbUKKb9nXn,675,Paper,1,11.28
jE13sCzQyDVP8Nza6Y2p7P,351,Paper,1,21.03
6g4mbcarjNUr2NFCGQzXhH,703,Towel,1,22.68
fKijiSCET9h5hyKZ7bPWR5,893,Towel,1,12.92
hsZPu8RgGHkKvULNRdQo5Q,665,Socks,1,2.02
hN9hoVds6HDdBJfuQpmx5Z,223,Curtain,1,33.93
2PCCXazDtSDQswYGAQRpEy,958,Tompouce,1,62.24
oyZGPusJyJf8CVUdAuDcEq,672,Pen,1,21.86
uPzSobkH1o6NtkG67jqzHs,133,Shirt,1,14.5
9WMikiPxwgqn6eFdinB1Sk,816,Pen,1,58.44
nGvdnrtjKaJqsBm6vQhcJx,679,Socks,1,39.41
pkoXLJD6ob9SYEEeXS3rdM,994,Tompouce,1,2.86
vG7i4Fzi1Sbz5XoEqc16i9,794,Towel,1,22.08
oodq7umrV51NkQyY5Ha5y2,317,Socks,1,17.08
sQkMuvN1aboFStQNx4tfkZ,498,Pen,1,52.84
5iVFUNf2AJ1KrCJ2ijSnd9,359,Book,1,76.48
4Yokgdxc4X2FaNvHrSZ39y,334,Pen,1,27.94
7u3m3Qn8A2ePqCTRbdRZpf,443,Socks,1,59.32
djbghUUWcSXZnyzirBRMwc,688,Bread,1,1.06
3TFbG6DH53ATAD95k1mQGM,743,Curtain,1,18.22
xcUQK6vvpv4DUWCdtJpEQe,101,Pen,1,54.93
eqMbgpW7KvuEPhAoEdxV3C,289,Paper,1,13.3
kfHB8kk6Gi5fxrQ2Edr2B7,727,Bread,1,6.72
fvWFcLbHmdD2HeWxq4BrzV,247,Pen,1,19.33
gnXoxRuDot7fF6XbddYh93,589,Curtain,1,25.59
hjYBNmk2SdxRA8Wf8ExSVg,373,Pen,1,13.98
ugupXwzbpjLpVmstzVas2N,736,Paper,1,74.28
pobffDj51kAg785veY4uJr,629,Shirt,1,59.05
3QkpGUgUjEGsTDChcvw68J,406,Pen,1,44.15
xp7ME29JPYg414FFhs3cWg,580,Paper,1,19.41
xqeLKxHdDFHQkcfTbavVQW,230,Bread,1,36.16
tQwcx9ejdC6oWG3QK5e6MK,524,Tompouce,1,7.78
xdKxBBFJWqvYL1m8ocqgho,593,Towel,1,77.96
7t24msPpzF37HeMkjguu5B,146,Shirt,1,56.03
8XcP4DBW6aXt9pV8Afuk98,523,Book,1,73.73
j29s5S4w7oyVDAV4GpE3wV,151,Bread,1,78.19
iCnGsdq3vQTJJnZn4hY69T,889,Paper,1,53.73
vHtaXkPAkWesom3jFNuu3y,931,Socks,1,66.84
5uxKdeguDPaCfBX2hxvFrr,353,Book,1,70.78
ncHPhkrydFm7GFTNiofNmA,633,Socks,1,34.04
tfaw1Z4MJxcuyjMvWNFkXc,180,Curtain,1,46.15
n91A17J7iu8XhVJE6CJL5f,284,Bread,1,38.58
5Pr5UuoeNyvaB7TF7NDXsc,683,Pen,1,82.43
8bNLWqfigPtpQv2og3qsHe,354,Book,1,82.71
hMWHzzB9LgR9333z7BoXq2,410,Pen,1,82.62
sQ67oXAjui3wPnUxNhkwun,471,Book,1,68.09
nRo9zNq5yZ86dwjz3wRpLM,333,Bread,1,71.04
upF3Kpa1cKjmvNTK6LGKLz,859,Paper,1,22.79
d6tPsTe2GeXLx98N3cCKgW,582,Towel,1,62.26
b62wkuz7UuZNuyUEAZt7JX,134,Paper,1,81.59
fZVDRCKw9cNyTfkr7bV5i6,212,Pen,1,73.38
mSvezy8kV5GPt86hAwRDNb,976,Bread,1,38.41
iQjBP3j9s26CF4Wx5vT9qT,458,Pen,1,45.43
d7Js7Qa6ScjSzGT9XVBxkF,162,Book,1,33.71
rwqW94sa9c1DfVDxc6WAQc,216,Curtain,1,32.34
ovGnpfXuUmEcnodPN5nr9k,980,Book,1,2.04
vpa7MQ9FsGgjpbZBkhtvUb,666,Book,1,44.96
pXeSZB4W9eXXHvknoKv8yk,688,Shirt,1,59.25
ganJ47ppAC2vkFkYgq7KK6,986,Bread,1,22.9
eKD6cDeUrtv8e6UL2ejuMG,342,Tompouce,1,39.1
nxKfpdnzNk6bqtj8zNMsb9,716,Tompouce,1,57.79
gv992B1JEZjkq6zHCtfn2k,154,Shirt,1,74.68
37yGLm8n4TsfWuMyuqzY4J,972,Book,1,29.03
eMTZJo1XyMsyxSxcMVzjnh,560,Tompouce,1,69.92
vR6n8BTXWNK7FJ6wRoDPtA,217,Tompouce,1,10.72
qFmgFyWJ736ARjT2PbUHJa,902,Book,1,45.76
s7rGFodYTzJvZAHWpSTQnK,
